Alcohol consumption,Awakenings,CountFrequency,Average
0,357,246,1.4512195121951219
1,109,68,1.6029411764705883
2,73,37,1.972972972972973
3,99,48,2.0625
4,50,23,2.1739130434782608
5,66,30,2.2000000000000002
