Caffeine consumption,Awakenings,CountFrequency,Average
0,371,211,1.7582938388625593
24,45,25,1.8
25,126,79,1.5949367088607596
50,176,107,1.6448598130841121
75,33,25,1.3200000000000001
100,0,1,0
200,3,4,0.75
