Exercise frequency,Awakenings,CountFrequency,Average
0,226,116,1.9482758620689655
1,166,97,1.7113402061855669
2,110,60,1.8333333333333333
3,214,130,1.6461538461538461
4,36,41,0.87804878048780488
5,2,8,0.25
