Age,Sleep duration,Sleep efficiency,REM sleep percentage,Deep sleep percentage,Light sleep percentage,Awakenings,SmokingStatusYesPct,Caffeine consumption,Alcohol consumption,Exercise frequency,BedtimeHours,WakeuptimeHours,RealSleep,SleepRem,SleepDeep,SleepLight,RealNoSleep
39.990000000000002,7.46,0.81999999999999995,22.530000000000001,55.369999999999997,22.09,1.6899999999999999,.00000000000,23.52,1.0800000000000001,1.8400000000000001,12,6,6.090000,1.680000,4.120000,1.660000,1.380000
40.859999999999999,7.4699999999999998,0.72999999999999998,22.77,47.890000000000001,29.34,1.6299999999999999,100.00000000000,23.969999999999999,1.3300000000000001,1.71,7,7,5.500000,1.700000,3.590000,2.180000,1.970000
